{
  "todos": {
    "Coordinator": {
      "1": {
        "id": "1",
        "content": "Fix OrPaynter Authentication Session Errors",
        "details": "1. Fix AuthSessionMissingError: Auth session missing!\n2. Fix Error updating profile: Error: No user logged in\n3. Improve session management and error handling\n4. Test authentication flows thoroughly",
        "status": "completed",
        "priority": "high"
      },
      "2": {
        "id": "2",
        "content": "Implement Projects Management Module",
        "details": "1. Create project management interface\n2. Add project creation, editing, and tracking features\n3. Integrate with existing dashboard\n4. Replace 'coming soon' placeholder with functional module",
        "status": "completed",
        "priority": "high"
      },
      "3": {
        "id": "3",
        "content": "Implement Analytics Dashboard",
        "details": "1. Create analytics dashboard with charts and metrics\n2. Add data visualization for project performance\n3. Include user engagement and conversion metrics\n4. Replace 'coming soon' placeholder with functional module",
        "status": "completed",
        "priority": "high"
      },
      "4": {
        "id": "4",
        "content": "Implement Referrals Management System",
        "details": "1. Create referral program management interface\n2. Add referral tracking and rewards system\n3. Include referral analytics and reporting\n4. Replace 'coming soon' placeholder with functional module",
        "status": "completed",
        "priority": "medium"
      },
      "5": {
        "id": "5",
        "content": "Update Test Report and Validation",
        "details": "1. Re-test all fixed functionality\n2. Update OrPaynter_Test_Report.md with current status\n3. Verify all errors are resolved\n4. Document new feature implementations",
        "status": "pending",
        "priority": "medium"
      }
    }
  }
}