{
  "build": {
    "beforeDevCommand": "npm run dev",
    "beforeBuildCommand": "npm run build",
    "devPath": "http://localhost:1420",
    "distDir": "../dist",
    "withGlobalTauri": false
  },
  "package": {
    "productName": "OrPaynter",
    "version": "0.1.0"
  },
  "tauri": {
    "allowlist": {
      "all": false,
      "shell": {
        "all": false,
        "open": true
      },
      "dialog": {
        "all": true
      },
      "fs": {
        "all": true,
        "scope": ["$APP/*", "$DOCUMENT/*"]
      },
      "http": {
        "all": true,
        "request": true,
        "scope": ["https://**"]
      }
    },
    "bundle": {
      "active": true,
      "icon": [
        "icons/32x32.png",
        "icons/128x128.png",
        "icons/128x128@2x.png",
        "icons/icon.icns",
        "icons/icon.ico"
      ],
      "identifier": "com.orpaynter.dev",
      "targets": "all"
    },
    "security": {
      "csp": null
    },
    "updater": {
      "active": false
    },
    "windows": [
      {
        "fullscreen": false,
        "resizable": true,
        "title": "OrPaynter",
        "width": 1280,
        "height": 800,
        "minWidth": 1024,
        "minHeight": 768
      }
    ]
  }
}