{"extracted_information": "The author migrated a productivity app from Electron to Tauri due to performance issues with Electron, including sluggish load times, massive installer sizes, and battery drain. The migration resulted in significant performance improvements and a more native feel for the application.", "specifications": {}, "pricing": {}, "features": [{"name": "Performance Boost", "description": "Achieved a 10x performance boost after migrating from Electron to Tauri."}, {"name": "Bundle Size Reduction", "description": "Experienced a 97% reduction in application bundle size."}, {"name": "Faster Boot Times", "description": "Tauri offered faster application boot times compared to Electron."}, {"name": "Native Feel", "description": "The rebuilt app in Tauri provides a much more native feel on Windows, macOS, and Linux."}], "statistics": {"performance_gain": "10x faster", "bundle_size_reduction": "97%"}, "temporal_info": {"publication_date": "Jul, 2025"}, "geographical_data": {}, "references": []}