{"extracted_information": "The provided web content lists several GitHub repositories, but most are related to AI/LLMs or developer tools. Only 'My clone repository' is explicitly identified with 'HTML' language, suggesting it is a web-related project. Its description is not detailed in the provided content.", "specifications": {}, "pricing": {}, "features": [{"repository_name": "My clone repository", "description": "Not provided in detail, only the name 'My clone repository'.", "language": "HTML"}], "statistics": {}, "temporal_info": {}, "geographical_data": {}, "references": []}