{"extracted_information": "Neutralino.js is presented as a lightweight alternative to Electron and Tauri for desktop app development, reusing the operating system's native browser engine. While it offers a minimal footprint (< 3 MB) and ease of use for web developers, its production readiness is severely hampered by significant security vulnerabilities, lack of proper bundling/update mechanisms, and limited developer support. It is deemed nonviable for serious or enterprise projects.", "specifications": {"footprint_size": "< 3 MB"}, "pricing": {}, "features": [{"category": "Core Concept", "description": "Reuses existing OS browser (WebKit on Linux/macOS, IE/Edge/Chromium on Windows) instead of packaging a full runtime like Electron."}, {"category": "Ease of Use", "description": "Simple installation (npm i -g @neutralino/neu) and app creation (neu create). Easy integration with existing codebases and frontend frameworks (e.g., React), requiring only configuration of `documentRoot` and `url`."}, {"category": "Client Library", "description": "Provides a Javascript client library with comprehensive system APIs under the `Neutralino` namespace."}, {"category": "System APIs", "list": ["Neutralino.init", "Neutralino.app", "Neutralino.computer", "Neutralino.debug", "Neutralino.filesystem", "Neutralino.os", "Neutralino.storage", "Neutralino.window", "Neutralino.events", "Neutralino.extensions", "Neutralino.updater"]}, {"category": "Extensibility", "description": "Supports extensions which communicate over Websockets, allowing the backend to be written in any language or framework (NodeJS, Rust, Go)."}, {"category": "Cross-Platform", "description": "Properly supports 3 different desktop platforms."}], "limitations": {"security": {"local_server_exposure": "Web app is hosted on a local server (http://localhost:random-port) making it accessible via any browser.", "global_api_exposure": "Javascript client library (`Neutralino` global variable) is exposed on the client-side, allowing direct access to sensitive system APIs (e.g., filesystem read/write/delete) from the browser's developer console. This is dangerous for applications loading untrusted content."}, "publishing_and_updates": {"no_built_in_updates": "Lacks a built-in system for receiving or installing application updates.", "no_proper_bundler": "Does not have a proper bundler (like electron-builder) for creating OS-specific installers.", "build_output_limitations": "`neu build -r` creates a .zip file with binaries and resources for all 3 platforms, but lacks desktop integration, icons, or a formal installation method."}, "migration_from_electron": {"api_compatibility": "Zero API compatibility with Electron.", "ecosystem_difference": "No Node.js or npm ecosystem support.", "migration_effort": "Requires significant refactoring, such as rewriting backend code to a natively compiled language (Go, Rust) or packaging Node.js as a binary."}, "developer_support": "Primarily a hobby project run by a single developer with limited financial or community support."}, "enterprise_considerations": {"production_readiness": "Not production-ready for anything beyond trivial projects due to severe security and deployment limitations.", "security_risk": "High security risks make it unsuitable for enterprise applications, especially those handling sensitive data or requiring robust integrity.", "deployment_challenges": "Lack of proper bundling, updating mechanisms, and installer creation poses significant deployment and maintenance challenges for enterprise environments.", "long_term_viability": "Uncertain long-term stability and support due to being a single-developer, hobby project, which is a critical concern for enterprise adoption."}, "temporal_info": {"neutralino_js_release_date": "2018", "article_publication_date": "January 22, 2022"}, "geographical_data": {"developer_origin": "Sri Lanka (Shalitha Suranga)"}, "references": [{"type": "Official Website", "url": "https://neutralino.js.org"}, {"type": "Developer GitHub", "url": "https://github.com/shalithasuranga"}, {"type": "API Documentation", "urls": ["https://neutralino.js.org/docs/api/init", "https://neutralino.js.org/docs/api/app", "https://neutralino.js.org/docs/api/computer", "https://neutralino.js.org/docs/api/debug", "https://neutralino.js.org/docs/api/filesystem", "https://neutralino.js.org/docs/api/os", "https://neutralino.js.org/docs/api/storage", "https://neutralino.js.org/docs/api/window", "https://neutralino.js.org/docs/api/events", "https://neutralino.js.org/docs/api/extensions", "https://neutralino.js.org/docs/api/updater"]}, {"type": "Extensions Overview", "url": "https://neutralino.js.org/docs/how-to/extensions-overview"}]}