{"extracted_information": "The web content provides a comprehensive performance comparison between Tauri and Electron, focusing on memory efficiency, startup performance, and bundle size. The analysis is backed by practical benchmarks conducted on a MacBook Pro, displaying clear differences in resource consumption and build characteristics between the two frameworks. The article also discusses the architectural reasons behind these performance discrepancies.", "specifications": {"memory_usage": {"tauri": {"value": 172, "unit": "MB", "context": "after opening 6 windows"}, "electron": {"value": 409, "unit": "MB", "context": "after opening 6 windows"}}, "bundle_size": {"tauri": {"value": 8.6, "unit": "MiB", "context": "app bundle size"}, "electron": {"value": 244, "unit": "MiB", "context": "app bundle size"}}, "initial_build_time": {"tauri": {"value": 80.94, "unit": "seconds", "context": "yarn tauri build total time (380.11s user 28.37s system 504% cpu 1:20.94 total)"}, "electron": {"value": 15.818, "unit": "seconds", "context": "yarn make total time (13.23s user 1.55s system 93% cpu 15.818 total)"}}, "startup_time": {"comparison": "negligible difference, less than 1500 ms", "tauri": "Fast", "electron": "Fast"}}, "features": [{"framework": "Tauri", "browser_technology": "WebView (system's native component)", "backend_language": "Rust", "runtime_packaging": "None (Rust compiles to native binary, no Node.js runtime bundled)", "webview_details": {"Windows": "WebView2 (Microsoft Edge/Chromium)", "macOS": "WKWebView (Safari/WebKit)", "Linux": "WebKitGTK"}, "memory_efficiency_reason": "Uses system's WebView, lighter than full Chromium; no Node.js runtime overhead.", "bundle_size_reason": "No bundled JavaScript runtime (Node.js), uses system's WebView instead of bundling Chromium."}, {"framework": "Electron", "browser_technology": "Chromium (bundled)", "backend_language": "JavaScript", "runtime_packaging": "Node.js (Node.js runtime bundled with app)", "process_model": {"main_process": "NodeJS process", "renderer_process": "Single browser tab spawned by main process (mini-Chromium instance for each window)"}, "memory_efficiency_reason": "Higher memory consumption due to Node.js runtime and multiple Chromium-based renderer processes.", "bundle_size_reason": "Bundles Node.js runtime and entire Chromium engine."}], "statistics": {}, "temporal_info": {"article_publication_date": "April 9, 2025"}, "geographical_data": {}, "references": ["https://github.com/Elanis/web-to-desktop-framework-comparison?ref=hopp#benchmarks (Web to Desktop Framework Comparison repository for more detailed benchmark data)", "https://tauri.app/?ref=hopp", "https://www.electronjs.org/?ref=hopp", "https://nodejs.org/en/learn/asynchronous-work/event-loop-timers-and-nexttick?ref=hopp", "https://learn.microsoft.com/en-us/microsoft-edge/webview2/?ref=hopp", "https://developer.apple.com/documentation/webkit/wkwebview?ref=hopp", "https://webkitgtk.org/?ref=hopp"]}