{"extracted_information": "The website primarily showcases an AI-powered roof inspection and contractor matching service. Key functional features include advanced AI for damage detection, photo analysis, cost and insurance assessment, and efficient matching with a verified local contractor network. The site effectively uses social proof and clear calls to action. There is no evidence of a functional chatbot or traditional footer navigation links within the provided content. For the new site, it is crucial to preserve the core AI inspection and contractor matching platform as the primary revenue-generating mechanism, maintaining its strong value propositions, transparent operational steps, robust social proof (testimonials, numerical achievements, insurance partnerships), and clear calls to action to drive lead generation.", "specifications": {"ai_damage_detection_accuracy": "95%", "ai_damage_types_identified": "15+", "ai_analysis_speed": "30 seconds", "contractor_matching_count": "3 top-rated local contractors"}, "pricing": {}, "features": ["AI-powered roof inspection and damage detection", "Mobile-optimized photo upload and analysis", "Automatic damage severity assessment", "Photo enhancement for clarity", "Machine learning damage recognition", "Repair cost estimation based on local market data", "Insurance claim probability assessment", "Contractor specialty matching", "Location-based contractor matching", "Verified contractor network (background checked, licensed, insured, local experts)", "Real customer reviews and ratings display for contractors", "Instant notification system for contractor connections", "Identification of 15+ types of roof damage", "Instant repair cost estimates", "Evaluation of claim eligibility and potential coverage amounts", "Emergency situation flagging and immediate contractor response prioritization", "Display of customer testimonials and success stories", "Display of trust badges/logos for insurance partners", "Display of real-time operational statistics"], "statistics": {"guaranteed_appointment_setup_rate": "92%", "average_response_time": "2.3 hours", "total_homeowners_connected": "10,000+", "verified_contractors_in_network": "1,250+", "ai_inspections_today": "127"}, "temporal_info": {"ai_analysis_time": "under 30 seconds", "contractor_call_time_after_qualification": "within 2 hours", "average_response_time_metric": "2.3 hours", "example_repair_completion_time": "3 days"}, "geographical_data": {"customer_testimonial_locations": ["Chicago, IL", "Dallas, TX", "Phoenix, AZ"], "contractor_network_scope": "local experts in your area"}, "references": []}