{"extracted_information": "Information about the GitHub repository 'orpaynter/skills-code-with-codespaces'. The content provides details about the repository name and limited README information. A detailed file structure is not available, and there is no indication of a deployed website or web application.", "specifications": {"repository_name": "orpaynter/skills-code-with-codespaces", "repository_description": "My clone repository"}, "pricing": {}, "features": [{"type": "readme_content", "sections": [{"title": "orpaynter/skills-code-with-codespaces", "level": 1, "description": "Main title of the README."}, {"title": "License", "level": 3, "description": "Section header for license information; no license content provided."}, {"title": "Folders and files", "level": 2, "description": "This section contains a table showing commit history (commit messages and dates) instead of a list of folders and files. Commit messages include 'Update to 1 in STEP and README.md' and 'Initial commit'."}, {"title": "Repository files navigation", "level": 2, "description": "Contains an access restriction message: 'You can’t perform that action at this time.'"}]}, {"type": "file_structure", "status": "not_available", "details": "A detailed listing of the repository's file and folder structure is not provided in the content. The 'Folders and files' section lists commit details, not actual file paths or names."}, {"type": "deployment_indication", "status": "not_found", "details": "No information or links indicating that this repository hosts a deployed website or web application were found in the provided content."}], "statistics": {}, "temporal_info": {"commit_dates": ["Feb 25, 2025"]}, "geographical_data": {}, "references": []}