{"extracted_information": "The repository 'orpaynter/stp-blueprint' is identified as a 'Carrier-grade STP blueprint scaffolding and code skeleton'. It is not a website project. The provided content does not include information about the technology stack or deployment details.", "specifications": {"project_type": "Scaffolding/Blueprint for Carrier-grade STP (Signaling Transfer Point)"}, "pricing": {}, "features": [], "statistics": {}, "temporal_info": {"last_commit_dates": ["Aug 16, 2025", "Aug 17, 2025"]}, "geographical_data": {}, "references": []}