{"extracted_information": "Information about the orpaynter/stp-blueprint repository.", "specifications": {}, "pricing": {}, "features": [], "statistics": {}, "temporal_info": {"last_commit_dates": ["Aug 16, 2025", "Aug 17, 2025"]}, "geographical_data": {}, "references": [], "repository_info": {"name": "orpaynter/stp-blueprint", "description": "Carrier-grade STP blueprint scaffolding and code skeleton.", "readme_content": "# orpaynter/stp-blueprint\n## Folders and files\n| Name | | Name | Last commit date |\n| --- | --- | --- | --- |\n| | | | [Initial commit](/orpaynter/stp-blueprint/commit/84c369a978ecf8765e121b459d6d92a4f97db6d8 \"Initial commit\") | Aug 16, 2025 |\n| | | | [Initial commit](/orpaynter/stp-blueprint/commit/84c369a978ecf8765e121b459d6d92a4f97db6d8 \"Initial commit\") | Aug 16, 2025 |\n| | | | [Initial commit](/orpaynter/stp-blueprint/commit/84c369a978ecf8765e121b459d6d92a4f97db6d8 \"Initial commit\") | Aug 16, 2025 |\n| | | | [Initial commit](/orpaynter/stp-blueprint/commit/84c369a978ecf8765e121b459d6d92a4f97db6d8 \"Initial commit\") | Aug 16, 2025 |\n| | | | [Initial commit](/orpaynter/stp-blueprint/commit/84c369a978ecf8765e121b459d6d92a4f97db6d8 \"Initial commit\") | Aug 16, 2025 |\n| | | | [Initial commit](/orpaynter/stp-blueprint/commit/84c369a978ecf8765e121b459d6d92a4f97db6d8 \"Initial commit\") | Aug 16, 2025 |\n| | | | [Initial commit](/orpaynter/stp-blueprint/commit/84c369a978ecf8765e121b459d6d92a4f97db6d8 \"Initial commit\") | Aug 16, 2025 |\n| | | | [Initial commit](/orpaynter/stp-blueprint/commit/84c369a978ecf8765e121b459d6d92a4f97db6d8 \"Initial commit\") | Aug 16, 2025 |\n| | | | [Initial commit](/orpaynter/stp-blueprint/commit/84c369a978ecf8765e121b459d6d92a4f97db6d8 \"Initial commit\") | Aug 16, 2025 |\n| | | | [Initial commit](/orpaynter/stp-blueprint/commit/84c369a978ecf8765e121b459d6d92a4f97db6d8 \"Initial commit\") | Aug 16, 2025 |\n| | | | [Initial commit](/orpaynter/stp-blueprint/commit/84c369a978ecf8765e121b459d6d92a4f97db6d8 \"Initial commit\") | Aug 16, 2025 |\n| | | | [Initial commit](/orpaynter/stp-blueprint/commit/84c369a978ecf8765e121b459d6d92a4f97db6d8 \"Initial commit\") | Aug 16, 2025 |\n| | | | [Initial commit](/orpaynter/stp-blueprint/commit/84c369a978ecf8765e121b459d6d92a4f97db6d8 \"Initial commit\") | Aug 16, 2025 |\n| | | | [Initial commit](/orpaynter/stp-blueprint/commit/84c369a978ecf8765e121b459d6d92a4f97db6d8 \"Initial commit\") | Aug 16, 2025 |\n| | | | [Initial commit](/orpaynter/stp-blueprint/commit/84c369a978ecf8765e121b459d6d92a4f97db6d8 \"Initial commit\") | Aug 16, 2025 |\n| | | | [Initial commit](/orpaynter/stp-blueprint/commit/84c369a978ecf8765e121b459d6d92a4f97db6d8 \"Initial commit\") | Aug 16, 2025 |\n| | | | [Initial commit](/orpaynter/stp-blueprint/commit/84c369a978ecf8765e121b459d6d92a4f97db6d8 \"Initial commit\") | Aug 16, 2025 |\n| | | | [Initial commit](/orpaynter/stp-blueprint/commit/84c369a978ecf8765e121b459d6d92a4f97db6d8 \"Initial commit\") | Aug 16, 2025 |\n| | | | [Initial commit](/orpaynter/stp-blueprint/commit/84c369a978ecf8765e121b459d6d92a4f97db6d8 \"Initial commit\") | Aug 16, 2025 |\n| | | | [Initial commit](/orpaynter/stp-blueprint/commit/84c369a978ecf8765e121b459d6d92a4f97db6d8 \"Initial commit\") | Aug 16, 2025 |\n| | | | [Initial commit](/orpaynter/stp-blueprint/commit/84c369a978ecf8765e121b459d6d92a4f97db6d8 \"Initial commit\") | Aug 16, 2025 |\n| | | | [Add files via upload](/orpaynter/stp-blueprint/commit/8a6cec3984fbfc3f3729c587af697910488fb295 \"Add files via upload\") | Aug 17, 2025 |\n| | | | [Initial commit](/orpaynter/stp-blueprint/commit/84c369a978ecf8765e121b459d6d92a4f97db6d8 \"Initial commit\") | Aug 16, 2025 |\n| | | | [Initial commit](/orpaynter/stp-blueprint/commit/84c369a978ecf8765e121b459d6d92a4f97db6d8 \"Initial commit\") | Aug 16, 2025 |\n| | | | [Initial commit](/orpaynter/stp-blueprint/commit/84c369a978ecf8765e121b459d6d92a4f97db6d8 \"Initial commit\") | Aug 16, 2025 |\n| | | |\n## Repository files navigation\nYou can’t perform that action at this time.", "technologies_used": [], "deployment_links": [], "commit_links": ["https://github.com/orpaynter/stp-blueprint/commit/84c369a978ecf8765e121b459d6d92a4f97db6d8", "https://github.com/orpaynter/stp-blueprint/commit/8a6cec3984fbfc3f3729c587af697910488fb295"]}}