{"extracted_information": "This article provides an authoritative comparison of Tauri and Electron for desktop application development as of March 16, 2025, focusing on their technical foundations, performance metrics, and practical applications. It evaluates their architectural differences, performance and resource efficiency (including bundle sizes, memory usage, and startup times), security features, and ideal use cases.", "specifications": {"Tauri": {"architecture": "Leaner approach, built on Rust, uses OS's native webview (WebView2 on Windows, WebKit on macOS, WebKitGTK on Linux), Rust handles backend logic, prioritizes minimalism and security.", "core_technologies": "Rust, Native Webviews (WebView2, WebKit, WebKitGTK)", "frontend_support": "Agnostic, supports tools like Nuxt and Svelte"}, "Electron": {"architecture": "Integrates Chromium and Node.js, bundles a full browser engine, renders UIs via HTML, CSS, JavaScript, Node.js provides system access, ensures consistent cross-platform behavior.", "core_technologies": "Chromium, Node.js", "ecosystem_support": "Vast, supports frameworks like React and Vue"}}, "pricing": {}, "features": [{"framework": "Electron", "category": "General", "description": "Powered by JavaScript and Chromium, long dominated the space, enables web developers to craft desktop apps with familiar tools, ecosystem remains vast, powers companies like Slack and VS Code, strength lies in simplicity and consistency, excels in rapid prototyping and complex GUIs, suits apps needing extensive libraries (e.g., Discord, Visual Studio Code)."}, {"framework": "Tauri", "category": "General", "description": "Newer contender built on Rust, challenges status quo with promise of smaller, faster, and more secure applications leveraging native webviews, designed to reduce overhead, ideal for performance-critical and lightweight apps (e.g., Payload, pgMagic, Cap's 3 MB screen recorder), suitable for resource-constrained environments."}, {"framework": "Electron", "category": "Security", "description": "Node.js exposure requires careful sandboxing."}, {"framework": "Tauri", "category": "Security", "description": "Rust backend limits system access by default, reducing exploit risks, edge in safety."}], "statistics": {"performance_metrics": {"bundle_size": {"Electron": "Typically 80-120 MB", "Tauri": "As small as 2.5-3 MB"}, "memory_usage": {"Electron": "100 MB of RAM at runtime for a basic app (2024 Levminer study)", "Tauri": "Around 30-40 MB for similar apps, 50% less memory than Electron equivalents (2024 Levminer analysis, Chadura's 2024 benchmark)"}, "startup_times": {"Electron": "Average 1-2 seconds on mid-range hardware (Chadura's 2024 tests)", "Tauri": "Under 500 ms (due to Rust's lightweight runtime)"}}, "adoption_rates": {"Electron": "Powers 60% of surveyed cross-platform apps (2024 Stack Overflow data)", "Tauri": "Grown 35% year-over-year in 2025 (per GitHub metrics)"}}, "temporal_info": {"comparison_date": "March 16, 2025", "electron_launch_date": "2013", "tauri_introduction_date": "2019", "data_sources_dates": ["2024 (Levminer, Chadura, Stack Overflow)", "2025 (InfoWorld)"]}, "geographical_data": {}, "references": [{"title": "Choosing Between Electron and Tauri for Your Next Cross-Platform Project.", "author": "DEV Community (Alexander Procter)", "year": "2024", "url": "https://dev.to/okoone/choosing-between-electron-and-tauri-for-your-next-cross-platform-project-okoone-5e7"}, {"title": "Electron vs. Tauri: Which Cross-Platform Framework Is for You?", "author": "InfoWorld", "year": "2025", "url": "https://www.infoworld.com/article/2268435/electron-vs-tauri-which-cross-platform-framework-is-for-you.html"}, {"title": "Tauri VS. Electron - Real World Application.", "author": "Levminer", "year": "2024", "url": "https://www.levminer.com/tauri-vs-electron"}, {"title": "Building Cross-Platform Desktop Apps with Rust and Tauri.", "author": "Chadura", "year": "2024", "url": "https://chadura.com/rust-tauri-desktop-app-guide"}, {"title": "2024 Developer Survey.", "author": "Stack Overflow", "year": "2024", "url": "https://stackoverflow.com/insights/survey/2024"}]}