{"extracted_information": "Tauri provides comprehensive capabilities for implementing and customizing system trays in applications, offering both JavaScript and Rust APIs for seamless integration.", "specifications": {"tauri_version": "2.0.0", "required_feature": "tray-icon"}, "features": [{"name": "System Tray Creation", "description": "Allows creating and customizing a system tray icon for the application.", "api_js": "TrayIcon.new(options)", "api_rust": "TrayIconBuilder::new().build(app)?", "details": "Offers customization options via TrayIconOptions (JS) and TrayIconBuilder (Rust)."}, {"name": "Icon Management", "description": "Ability to change the tray icon, including using the default application icon.", "api_js": "icon: await defaultWindowIcon()", "api_rust": "icon(app.default_window_icon().unwrap().clone())"}, {"name": "Menu Attachment", "description": "Attach a context menu to the tray icon, displayed on click.", "api_js": "menu: Menu.new({ items: [...] }), menuOnLeftClick: true", "api_rust": "menu(&menu), menu_on_left_click(true)", "details": "Supports adding menu items, and potentially submenus (referencing Window Menu documentation)."}, {"name": "Menu Event Listening", "description": "Handle events when menu items within the tray's context menu are clicked.", "api_js": "action: onTrayMenuClick (shared) or inline function (dedicated)", "api_rust": "on_menu_event(|app, event| match event.id.as_ref() {...})"}, {"name": "Tray Icon Event Listening", "description": "Listen for various mouse events on the tray icon itself.", "events": ["click (single left, right, middle click, with button state)", "double click (left, right, middle click)", "enter (cursor enters tray icon area)", "move (cursor moves around tray icon area)", "leave (cursor leaves tray icon area)"], "api_js": "action: (event) => { switch (event.type) {...} }", "api_rust": "on_tray_icon_event(|tray, event| match event {...})", "details": "TrayIconEvent (JS) and TrayIconEvent (Rust) provide event payload information."}], "pricing": {}, "statistics": {}, "temporal_info": {"copyright_year": "2025"}, "geographical_data": {}, "references": ["https://docs.rs/tauri/2.0.0/tauri/tray/struct.TrayIconBuilder.html", "/reference/javascript/api/namespacetray/#new", "/reference/javascript/api/namespacetray/#trayiconoptions", "https://docs.rs/tauri/2.0.0/tauri/tray/struct.TrayIconBuilder.html#method.on_menu_event", "/reference/javascript/api/namespacetray/#trayiconevent", "https://docs.rs/tauri/2.0.0/tauri/tray/enum.TrayIconEvent.html", "/learn/window-menu/"]}