{"extracted_information": "The provided web content introduces Tauri 2.0, highlighting its core capabilities such as frontend independence, cross-platform support, security, and minimal bundle size. It also provides various commands for project creation.", "specifications": {"bundle_size": "as little as 600KB (by using the OS’s native web renderer)"}, "pricing": {}, "features": [{"name": "Frontend Independent", "description": "Supports any frontend framework, allowing users to bring existing web stacks or start new projects without changing their current stack."}, {"name": "Cross Platform", "description": "Enables building applications for Linux, macOS, Windows, Android, and iOS from a single codebase. Frontend can be written in JavaScript, application logic in Rust, with deep system integration using Swift and Kotlin."}, {"name": "Maximum Security", "description": "Security is a top priority for the Tauri Team, driving priorities and innovations."}, {"name": "Minimal Size", "description": "Achieves small application sizes (as little as 600KB) by utilizing the operating system's native web renderer."}], "statistics": {}, "temporal_info": {"copyright_year": "2025"}, "geographical_data": {}, "references": []}