{"extracted_information": "Detailed performance benchmarks comparing Tauri and Electron from a real-world application (Authme) on specific hardware (i5-4570 CPU, 16GB RAM, GTX 1660, Windows 11).", "specifications": {"bundle_size": {"installer_size": {"tauri": "2.5 MB", "electron": "85 MB"}, "full_bundle_size_images_available": "true"}, "startup_time": {"tauri": "2 seconds", "electron": "4 seconds"}, "performance_idle": {"windows": {"tauri": {"cpu": "1%", "ram": "80 MB", "gpu": "0%"}, "electron": {"cpu": "1%", "ram": "120 MB", "gpu": "0%"}}, "linux": {"tauri": "Image indicates very low usage, significantly less than Electron.", "electron": "Image indicates higher usage than Tauri."}}}, "pricing": {}, "features": [{"name": "App Backend", "description": "Electron uses Node.js (JavaScript) for backend; Tauri uses Rust. Alternative bindings (Python, C++, Deno) are on Tauri's roadmap."}, {"name": "Rendering", "description": "Electron uses Chromium; Tauri uses system webview (Edge Webview2 on Windows, WebKitGTK on Linux, WebKit on macOS). Tauri may have browser compatibility issues with WebKit."}, {"name": "Security", "description": "Tauri is secure by default with explicit API control; Electron has full access to Node APIs, posing higher security risks."}, {"name": "Auto Update", "description": "Both have built-in auto-updaters. Tauri's is simpler but requires maintaining an update server/JSON. Electron's electron-updater pulls from GitHub releases, more convenient."}, {"name": "Developer Experience", "description": "Tauri CLI provides hot reload, cross-platform building, icon generation out-of-the-box. Electron requires manual setup for these. Tauri is compatible with any web framework."}], "statistics": {}, "temporal_info": {}, "geographical_data": {}, "references": ["https://github.com/Levminer/authme", "https://github.com/Levminer/authme-v4", "https://medium.com/how-to-electron/how-to-get-source-code-of-any-electron-application-cbb5c7726c37", "https://tauri.app/about/security", "https://tauri.app/v1/guides/distribution/updater", "https://github.com/KilleenCode/tauri-update-cloudflare", "https://tauri.app/v1/guides/distribution/updater#update-file-json-format", "https://www.npmjs.com/package/electron-updater", "https://caniuse.com/", "https://electronjs.org"]}