{"extracted_information": "The provided web content discusses 15 Windows app development frameworks, offering advantages and best use cases for each. Specific details regarding security, packaging, and distribution are explicitly mentioned for UWP, Tauri, and the .NET Framework. Other frameworks listed do not contain explicit details on these aspects within the provided text.", "specifications": {}, "features": [{"framework": ".NET Framework", "security_considerations": "Backed by Microsoft, ensuring regular updates and security patches."}, {"framework": "UWP (Universal Windows Platform)", "security_considerations": "Secure distribution through the Microsoft Store.", "packaging_distribution_considerations": "Efficient distribution through the Microsoft Store."}, {"framework": "Tauri", "security_considerations": "High-security features."}], "statistics": {}, "temporal_info": {}, "geographical_data": {}, "references": []}